_id,words,isPb,rawCharCounts,wpm,acc,rawWpm,consistency,charStats,mode,mode2,quoteLength,restartCount,testDuration,afkDuration,incompleteTestSeconds,punctuation,numbers,language,funbox,difficulty,lazyMode,blindMode,bailedOut,tags,timestamp
64a7050b73193c702e01eb01,another think on word could world when during some back leave problem small possible up again all point not head one mean first face open too old increase again see,,164,126.8,96.53,126.8,73.55,"164,0,0,0",words,30,-1,1,15.52,0,0.01,FALSE,FALSE,english,none,normal,FALSE,FALSE,FALSE,,1688667403000
64a704e673193c702e01e9e5,thing state group last find for number too nation do may last most eye have problem late increase never tell must we become order use lead this interest in he,,158,109.17,89.09,139.99,78.03,"124,6,2,1",words,30,-1,1,13.63,0,7.58,FALSE,FALSE,english,none,normal,FALSE,FALSE,FALSE,,1688667366000
64a704af73193c702efe95f6,seem with be nation person line both public since he call leave also only develop place system way lead know feel begin the general play day we he through make,,159,128.24,89.38,145.09,79.92,"137,7,1,5",words,30,-1,0,12.82,0,0,FALSE,FALSE,english,none,normal,FALSE,FALSE,FALSE,,1688667311000
64a7049d73193c702efb4328,might he time ask large that help against end however do face thing by as much begin increase child old new into during house get to find see increase during,,157,131.47,94.38,137.65,80.65,"149,4,0,1",words,30,-1,0,13.6,0,0,FALSE,FALSE,english,none,normal,FALSE,FALSE,FALSE,,1688667293000
64a7048b73193c702efb429f,the group who you new of when want part thing plan he hand course make before because tell real home to much will about these more seem must up person,,150,128.09,95.51,134.32,73.76,"144,1,1,0",words,30,-1,0,13.49,0,0,FALSE,FALSE,english,none,normal,FALSE,FALSE,FALSE,,1688667275000
64a7047873193c702efb4210,school lead way set do she nation more would end while another say because can life since against hold large you thing very such head follow form as possible house,,163,118.77,93.57,126.48,65.78,"154,3,1,0",words,30,-1,0,15.56,0,0,FALSE,FALSE,english,none,normal,FALSE,FALSE,FALSE,,1688667256000
64a7046473193c702efb4168,first see few mean no would than old way hold new we lead possible begin become same say order new early into look these help like what order develop change,,156,128.95,98.08,136.84,86.33,"147,2,0,0",words,30,-1,0,13.68,0,0,FALSE,FALSE,english,none,normal,FALSE,FALSE,FALSE,,1688667236000
64a7045073193c702efb40c8,last should off also since old course against large still head school high there system come by never high where turn own she a in call too take last present,,157,127.09,95.03,135.73,81.51,"147,2,1,1",words,30,-1,1,13.88,0,1.36,FALSE,FALSE,english,none,normal,FALSE,FALSE,FALSE,,1688667216000
64a7043973193c702efb4028,how man real out no fact for be after plan begin world get would could make without want follow on under so only look at since with too eye show,,144,134.25,93.75,148.71,80.13,"130,5,1,1",words,30,-1,0,11.62,0,0,FALSE,FALSE,english,none,normal,FALSE,FALSE,FALSE,,1688667193000
64a7041673193c702efb3f22,old end follow through many at right these about know people move home state how one but small back school year same over great still stand where on we word,,156,138.64,98.08,143.23,72.68,"151,2,0,0",words,30,-1,6,13.07,0,18.47,FALSE,FALSE,english,none,normal,FALSE,FALSE,FALSE,,1688667158000
64a703ed73193c702efb3dcb,now both much never new turn late run real child might again while new some last again school child each keep at real get any work last while early then,,152,137.41,96.75,143.06,84.57,"146,2,0,0",words,30,-1,6,12.75,0,10.8,FALSE,FALSE,english,none,normal,FALSE,FALSE,FALSE,,1688667117000
64a703be73193c702efb3c75,leave good another any right problem before make over should day in good go nation right off it child and will many help under now around of still turn seem,,156,131.6,96.18,144.48,71.17,"143,3,1,0",words,30,-1,6,13.04,0,10.58,FALSE,FALSE,english,none,normal,FALSE,FALSE,FALSE,,1688667070000
64a7039c73193c702efb3b74,present when well own to or good take need would last increase move such or plan part general keep now leave all look some program more those between system who,,160,122.37,97.63,122.37,73.16,"160,0,0,0",words,30,-1,0,15.69,0,0,FALSE,FALSE,english,none,normal,FALSE,FALSE,FALSE,,1688667036000
64a7038873193c702efb3ad6,many say around might do all know want only make very play under help hold great run on good govern which end be might such eye now mean find another,,149,109.56,92.02,109.56,58.92,"149,0,0,0",words,30,-1,0,16.32,0,0,FALSE,FALSE,english,none,normal,FALSE,FALSE,FALSE,,1688667016000
64a7037373193c702efb3a28,increase line child real want seem one order point make be after lead consider people but word we each take use all such like around time again since small such,,160,126.97,94.55,144.86,78.44,"142,2,2,0",words,30,-1,2,13.42,0,5.03,FALSE,FALSE,english,none,normal,FALSE,FALSE,FALSE,,1688666995000
64a7035b73193c702efb3984,those both at early think see end people own of increase between late mean and course see in look work we each long here would place part change small increase,,159,115.31,92.86,126.44,62.52,"145,4,0,0",words,30,-1,0,15.09,0,0,FALSE,FALSE,english,none,normal,FALSE,FALSE,FALSE,,1688666971000
64a7034773193c702efb38e9,look call would you need a high set on need feel must show under small very but like feel have number word school what life man before well possible also,,153,108.71,88.75,128.93,67.95,"129,7,1,1",words,30,-1,1,14.24,0,9.7,FALSE,FALSE,english,none,normal,FALSE,FALSE,FALSE,,1688666951000
64a7032b73193c702efb3820,show nation first end right on little there to any see day late thing since show program play between come can out most never it since on open in too,,149,133.01,94.12,144.74,69.8,"136,2,0,1",words,30,-1,0,12.27,0,0,FALSE,FALSE,english,none,normal,FALSE,FALSE,FALSE,,1688666923000
64a7031773193c702efb3782,this should off keep in system small few at leave write how here run out end hold look move against just other give too change back early come turn where,,153,139.21,90.2,164.03,71.34,"129,10,0,1",words,30,-1,2,11.12,0,1.27,FALSE,FALSE,english,none,normal,FALSE,FALSE,FALSE,,1688666903000
64a702ce73193c702efb357c,few long work school few again play head begin may even group there go say most get would world state begin some nation to can all these consider little have,,157,115.61,93.37,120.23,67.37,"150,0,0,1",words,30,-1,3,15.57,0,18.98,FALSE,FALSE,english,none,normal,FALSE,FALSE,FALSE,,1688666830000
64a702a573193c702efb3467,interest own consider right time place run just mean about the hold through could we find she as both which should tell still possible because when set say will consider,,169,121.49,94.77,132.46,73.18,"155,4,0,0",words,30,-1,3,15.31,0,8.91,FALSE,FALSE,english,none,normal,FALSE,FALSE,FALSE,,1688666789000
64a7028773193c702efb3392,for at down real from interest while increase with problem general play way become like might follow feel must without head you increase home she many nation state interest change,,179,132.03,95.14,139.84,76.72,"169,0,1,1",words,30,-1,0,15.36,0,0,FALSE,FALSE,english,none,normal,FALSE,FALSE,FALSE,,1688666759000
64a7027373193c702efb32ed,down course since hand line it now can through new eye around general late these because hold very time word look move end increase play like they system or develop,,164,148.14,99.39,151.86,87.86,"159,0,0,1",words,30,-1,0,12.88,0,0,FALSE,FALSE,english,none,normal,FALSE,FALSE,FALSE,,1688666739000
64a7026273193c702efb3259,she little leave word in interest long word write on day general come in present high from govern may each place work head too group which come fact year way,,157,120.4,95.21,125.15,66.48,"152,1,1,0",words,30,-1,1,15.15,0,1.06,FALSE,FALSE,english,none,normal,FALSE,FALSE,FALSE,,1688666722000
64a7024c73193c702efb31ca,through to end line again no number after other at tell say face as come turn where would make than much to how make come be early will number want,,147,118.33,95.3,129.73,79.85,"135,3,1,0",words,30,-1,0,13.69,0,0,FALSE,FALSE,english,none,normal,FALSE,FALSE,FALSE,,1688666700000
64a7023a73193c702efb3120,real set off word down world become people by thing only need point long without take must even school than follow before high come who think it so small any,,157,127.08,94.38,143.42,75.99,"140,4,1,0",words,30,-1,1,13.22,0,2.79,FALSE,FALSE,english,none,normal,FALSE,FALSE,FALSE,,1688666682000
64a7022573193c702efb306d,off child under then head if old they stand before would number early play right there would govern we go know program another only early on another a make to,,158,115.02,92.35,121.15,66.39,"150,3,0,0",words,30,-1,2,15.65,0,5.93,FALSE,FALSE,english,none,normal,FALSE,FALSE,FALSE,,1688666661000
64a7020673193c702efb2f92,during change write we then what very public hold any with call head how work now stand again and consider place present against program with high just never because increase,,174,135.56,95.51,140.37,78.13,"169,3,1,0",words,30,-1,0,14.96,0,0,FALSE,FALSE,english,none,normal,FALSE,FALSE,FALSE,,1688666630000
64a701f373193c702efb2ee2,he become leave form make from run this many world problem day could the govern he those ask large keep of small back another could old number want thing end,,157,135.05,96.93,135.05,78.38,"157,0,0,0",words,30,-1,0,13.95,0,0,FALSE,FALSE,english,none,normal,FALSE,FALSE,FALSE,,1688666611000
64a701e173193c702efb2e3d,any on which may many what early one year day too life another move see man which state old late this because little each face we hold off order be,,147,124.78,90.13,144.27,77.9,"128,5,2,1",words,30,-1,1,12.31,0,1.28,FALSE,FALSE,english,none,normal,FALSE,FALSE,FALSE,,1688666593000
64a701cf73193c702efb2db7,follow govern even play part work line move how many which small but right tell person must at late before but plan after time up should run since again way,,156,120.69,93.08,133.62,75.91,"140,4,0,1",words,30,-1,2,13.92,0,2.07,FALSE,FALSE,english,none,normal,FALSE,FALSE,FALSE,,1688666575000
64a701b973193c702efb2d05,these have it by because both possible line just eye during large man set first good just well make then just person of each while out need she from much,,153,122.62,92.26,143.21,74.16,"131,7,0,0",words,30,-1,2,12.82,0,2.05,FALSE,FALSE,english,none,normal,FALSE,FALSE,FALSE,,1688666553000
64a7019973193c702efb2bea,course never all take keep right turn first through to get leave one what and same take to not only group say of come consider state follow see there much,,154,132.25,94.23,149.76,75.76,"136,3,1,1",words,30,-1,3,12.34,0,10.11,FALSE,FALSE,english,none,normal,FALSE,FALSE,FALSE,,1688666521000
64a7017c73193c702efb2afe,you small these play at govern world too want one over large school need such more other word seem few while get good could late child such stand which problem,,159,124.81,93.25,142.64,78.81,"140,5,1,0",words,30,-1,0,13.46,0,0,FALSE,FALSE,english,none,normal,FALSE,FALSE,FALSE,,1688666492000
64a7016b73193c702efb2a75,problem little very from like when who early man one govern right time same need some another there run fact course by any on many must such would part stand,,157,129.39,94.97,139.14,87.92,"146,3,1,1",words,30,-1,4,13.54,0,9.94,FALSE,FALSE,english,none,normal,FALSE,FALSE,FALSE,,1688666475000
64a7014c73193c702efb2990,way form so down real by high there head new problem life play however and present which work develop small help those possible govern become point help early between work,,171,118.6,82.39,162.49,84.2,"127,20,4,1",words,30,-1,4,12.85,0,12.56,FALSE,FALSE,english,none,normal,FALSE,FALSE,FALSE,,1688666444000
64a7012d73193c702ef7d634,much and at set general from so follow however mean find before between feel take could nation day eye mean govern at turn show before possible large some call good,,164,126.15,97.66,126.15,74.14,"164,0,0,0",words,30,-1,2,15.6,0,14.42,FALSE,FALSE,english,none,normal,FALSE,FALSE,FALSE,,1688666413000
64a7010773193c702ef482b0,between find we it now before state run tell use write on turn interest end must hand high life real in state many who under leave since interest with at,,153,156.77,95.42,172.56,90.09,"139,4,1,1",words,30,-1,4,10.64,0,20.67,FALSE,FALSE,english,none,normal,FALSE,FALSE,FALSE,,1688666375000
64a700cd73193c702ef480cd,come public any keep line form come into a no when those need large may we begin run part house give possible can ask run feel begin stand world head,TRUE,149,161.52,100,161.52,70.33,"149,0,0,0",words,30,-1,5,11.07,0,11.16,FALSE,FALSE,english,none,normal,FALSE,FALSE,FALSE,,1688666316000
64a700af73193c702ef47fdc,thing part person much there where think leave out even some give general then problem call come to own school long person first mean place at each course want when,,164,120.66,87.5,154.6,82.95,"128,13,0,0",words,30,-1,6,12.73,0,11.33,FALSE,FALSE,english,none,normal,FALSE,FALSE,FALSE,,1688666287000
64a7008b73193c702ef47ebd,another few that never large now show line with before make of child only small consider one but person hold off home only also thing mean any it very another,,158,124.59,92.26,138.43,69.33,"144,3,2,0",words,30,-1,4,13.87,0,17.48,FALSE,FALSE,english,none,normal,FALSE,FALSE,FALSE,,1688666251000
64a7006573193c702ef47d74,govern small few real first while call if very or without people do between must run program increase out plan nation make give good they both large open no over,,161,129.73,95.18,145.95,71.7,"144,2,2,1",words,30,-1,0,13.32,0,0,FALSE,FALSE,english,none,normal,FALSE,FALSE,FALSE,,1688666213000
64a7005373193c702ef47cec,person call set now on at show eye want again because under each state as work seem find go consider of real find about turn how the run where another,,150,125.48,88.89,150.37,70.17,"126,8,2,1",words,30,-1,1,12.05,0,3.12,FALSE,FALSE,english,none,normal,FALSE,FALSE,FALSE,,1688666195000
64a6ff6973193c702ef47589,come up these follow than show since through he some may off during day under work home see right take here life late also both seem if point like home,,151,122.6,90.97,135.12,72.59,"137,6,1,1",words,30,-1,0,13.41,0,0,FALSE,FALSE,english,none,normal,FALSE,FALSE,FALSE,,1688665961000
64a6ff5873193c702ef47501,use own lead one here turn school before who from right still against might between public never stand turn run begin again take well can seem the year around old,,162,125.57,93.37,145.03,79.2,"142,4,2,0",words,30,-1,1,13.57,0,1.33,FALSE,FALSE,english,none,normal,FALSE,FALSE,FALSE,,1688665944000
64a6ff4473193c702ef47472,still play now take will may way both while face before well then such face then take course well these can system all might state off fact problem would general,,161,124.32,95.83,124.32,73.36,"161,0,0,0",words,30,-1,0,15.54,0,0,FALSE,FALSE,english,none,normal,FALSE,FALSE,FALSE,,1688665924000
64a6ff3073193c702ef473d5,over form first find it play show much at here write still now when state turn large a day know like between there say world problem same or here run,,149,124.42,95.97,137.33,65.28,"135,4,0,0",words,30,-1,0,13.02,0,0,FALSE,FALSE,english,none,normal,FALSE,FALSE,FALSE,,1688665904000
64a6ff1f73193c702ef47339,from year will thing possible many to must when then will while large general can large set govern other year line tell consider much like word much never over can,,163,110.78,89.09,137.84,69.58,"131,10,1,1",words,30,-1,0,14.19,0,0,FALSE,FALSE,english,none,normal,FALSE,FALSE,FALSE,,1688665887000
64a6ff0d73193c702ef472ac,thing which they large on play this call late do end against but point present go follow seem off move both that last head through also each think come school,,158,133.33,93.87,143.31,66.96,"147,4,0,0",words,30,-1,0,13.23,0,0,FALSE,FALSE,english,none,normal,FALSE,FALSE,FALSE,,1688665869000
64a6fefb73193c702ef4720d,by real more with small few hand which use help nation off know new head might up mean stand for lead up real this stand real very end these much,,145,147.58,97.97,147.58,80.98,"145,0,0,0",words,30,-1,9,11.79,0,22.73,FALSE,FALSE,english,none,normal,FALSE,FALSE,FALSE,,1688665851000
64a6fecb73193c702ef4706d,this play early all would world old and go off do increase it because much can people long own ask all during most come may such know off in without,,148,138.73,94.74,147.65,68.11,"140,2,1,0",words,30,-1,0,12.11,0,0,FALSE,FALSE,english,none,normal,FALSE,FALSE,FALSE,,1688665803000
64a6febb73193c702ef46fea,world go late with from people into system group get give also eye each see hand eye ask many another ask good there system day it govern each while feel,,153,131.82,94.41,139.09,68.18,"145,2,0,0",words,30,-1,0,13.2,0,0,FALSE,FALSE,english,none,normal,FALSE,FALSE,FALSE,,1688665787000
64a6fea973193c702ef46f63,as any get down man want who go look after increase feel now people place up around consider need leave high might place world new eye see however follow say,,157,141.72,97.47,146.39,83.54,"152,2,0,0",words,30,-1,0,12.87,0,0,FALSE,FALSE,english,none,normal,FALSE,FALSE,FALSE,,1688665769000
64a6fe9873193c702ef46ece,during very system change order since face could home the it set home end in would should many last take school much only work a group for world begin those,,156,122.88,93.87,132.2,68.51,"145,2,1,1",words,30,-1,0,14.16,0,0,FALSE,FALSE,english,none,normal,FALSE,FALSE,FALSE,,1688665752000
64a6fe8673193c702ef46e44,late by only know so public you come but he through face after might to a so public just more not little ask life take little general both come give,,148,123.54,92.36,127.86,73.48,"143,2,0,0",words,30,-1,0,13.89,0,0,FALSE,FALSE,english,none,normal,FALSE,FALSE,FALSE,,1688665734000
64a6fe7373193c702ef46db2,how long without year come get small the real with work find life while out just hold how he which place take point before but one develop change may since,,155,121.39,88.89,144.56,70.5,"131,8,1,0",words,30,-1,1,12.95,0,4.13,FALSE,FALSE,english,none,normal,FALSE,FALSE,FALSE,,1688665715000
64a6fe5d73193c702ef46d03,when state this right while to nation say turn man consider under most make real state out keep make some small because each face hand number than hold group early,TRUE,163,160.72,100,160.72,79.82,"163,0,0,0",words,30,-1,0,12.17,0,0,FALSE,FALSE,english,none,normal,FALSE,FALSE,FALSE,,1688665693000
64a6fe4d73193c702ef46c81,that first of this use like lead nation too small one hold just if much group system ask same course good you open not with end say become leave back,,149,128.83,92.57,150.13,84.88,"127,7,0,1",words,30,-1,3,11.83,0,4.46,FALSE,FALSE,english,none,normal,FALSE,FALSE,FALSE,,1688665677000
64a6fe3673193c702ef46bd5,which man more she many which turn to need become from so old could own will after govern could hold off find be on begin to high consider look plan,,148,150.76,100,150.76,91.16,"148,0,0,0",words,30,-1,1,11.78,0,2.59,FALSE,FALSE,english,none,normal,FALSE,FALSE,FALSE,,1688665654000
64a6fe2273193c702ef46b3c,as down say word must end under thing if increase as they a man about against with down however when same a first more eye as part than open we,,143,117.85,89.33,135.62,80.55,"126,8,2,0",words,30,-1,5,12.83,0,22.52,FALSE,FALSE,english,none,normal,FALSE,FALSE,FALSE,,1688665634000
64a6fdf473193c702ef469a8,change which through some house need end around any possible most too high part program like each begin those go then help will possible find day some work much this,,165,127.19,92.53,136.27,67.05,"154,4,0,0",words,30,-1,1,14.53,0,1.54,FALSE,FALSE,english,none,normal,FALSE,FALSE,FALSE,,1688665588000
64a6fdb773193c702ef1154d,right some lead by well how when while leave way school any have make you place these fact increase new some before govern might not man get way she this,,153,141.05,91.56,162.11,81.77,"134,8,1,0",words,30,-1,5,11.4,0,3.15,FALSE,FALSE,english,none,normal,FALSE,FALSE,FALSE,,1688665527000
64a6fda273193c702ef11484,another form write with but ask too stand not it both write who right it the govern too need feel would here between eye plan call run form by good,,147,120.27,92.16,129.99,67.14,"136,4,0,0",words,30,-1,0,13.57,0,0,FALSE,FALSE,english,none,normal,FALSE,FALSE,FALSE,,1688665505000
64a6fd8f73193c702eedc198,up look more it not follow point might into feel person where early think she open know year which of program set there how right that both on call number,,154,153.19,96.75,163.83,74.99,"144,2,1,1",words,30,-1,5,11.28,0,6.09,FALSE,FALSE,english,none,normal,FALSE,FALSE,FALSE,,1688665487000
64a6fd7673193c702eedc0cd,help only thing open while move not which into leave which follow can during another right before now if up life just way school here open work if through about,,160,123.1,91.25,149.41,82.63,"131,8,0,1",words,30,-1,2,12.77,0,3.32,FALSE,FALSE,english,none,normal,FALSE,FALSE,FALSE,,1688665462000
64a6fd6073193c702eedc014,man real since few and to come the line both would old first do come head people ask part feel interest since what that he need face make general which,,151,126.67,92.76,142.86,68.94,"133,5,1,2",words,30,-1,0,12.6,0,0,FALSE,FALSE,english,none,normal,FALSE,FALSE,FALSE,,1688665440000
64a6fd5073193c702eedbf76,state off one hand play begin these at become order develop after think only develop late before you since what even might great by show when some more word around,,163,113.12,84.57,128.94,62.53,"143,9,2,2",words,30,-1,0,15.17,0,0,FALSE,FALSE,english,none,normal,FALSE,FALSE,FALSE,,1688665424000
64a6fd3c73193c702eedbed7,use but tell also back about mean however only face any never if get much you want will and write turn change from place make hold before that on hand,,150,142.49,94.74,152.67,87.14,"140,4,0,0",words,30,-1,0,11.79,0,0,FALSE,FALSE,english,none,normal,FALSE,FALSE,FALSE,,1688665404000
64a6fd2c73193c702eedbe66,life plan down we into these day nation he while line first good she show take stand order plan much against good life few since if mean would develop early,,156,138.19,92.41,154.1,64.1,"139,6,0,1",words,30,-1,1,12.07,0,2.63,FALSE,FALSE,english,none,normal,FALSE,FALSE,FALSE,,1688665388000
64a6fd1473193c702eedbd97,begin how on some part again give from much get on general public seem same but help from for without world turn these might must way take each end run,,151,148.77,97.42,148.77,69.24,"151,0,0,0",words,30,-1,0,12.18,0,0,FALSE,FALSE,english,none,normal,FALSE,FALSE,FALSE,,1688665364000
64a6fd0473193c702eedbd10,house however even we may own line change should from early through do any even help a since too we ask out at no such however can change when person,,149,146.9,97.99,154.14,84.04,"142,2,0,0",words,30,-1,0,11.6,0,0,FALSE,FALSE,english,none,normal,FALSE,FALSE,FALSE,,1688665348000
64a6fcf373193c702eedbc8a,house also first tell hold help but how problem present and some right man those before make can give line as own run go who leave open even there keep,,151,100.14,83.85,128.39,59.28,"117,8,3,4",words,30,-1,2,14.02,0,1.9,FALSE,FALSE,english,none,normal,FALSE,FALSE,FALSE,,1688665331000
64a6fcd973193c702eedbba0,follow should of large write another when run how too where group give well possible late must problem up at same out house they home if year look world can,,156,105.96,87.8,132.03,73.61,"126,7,2,1",words,30,-1,0,14.27,0,0,FALSE,FALSE,english,none,normal,FALSE,FALSE,FALSE,,1688665305000
64a6fcb473193c702eedba61,not same with group form nation same under into man like hand think become line very as since good can govern than group few thing small and they last those,,156,130.28,94.38,138.26,75.88,"147,3,1,1",words,30,-1,3,13.54,0,7.88,FALSE,FALSE,english,none,normal,FALSE,FALSE,FALSE,,1688665268000
64a6fc8e73193c702eedb92e,little eye begin work you then work many from few as such those back lead state call to well play since not where do then life because over find against,,152,106.84,87.88,121.99,57.53,"134,6,1,0",words,30,-1,0,15.05,0,0,FALSE,FALSE,english,none,normal,FALSE,FALSE,FALSE,,1688665230000
64a6fc7973193c702eedb886,same would begin say increase these face another time she mean where which but by be say day use much late because one which can public because never any over,,158,129.47,90,153.62,70.9,"134,9,2,1",words,30,-1,0,12.42,0,0,FALSE,FALSE,english,none,normal,FALSE,FALSE,FALSE,,1688665209000
64a6fc6773193c702eedb7f1,the like again open same will early again during have get never keep after late time when life school nation also give eye program real feel can because tell general,,165,148.41,98.18,161.11,79.18,"152,0,1,1",words,30,-1,1,12.29,0,1.02,FALSE,FALSE,english,none,normal,FALSE,FALSE,FALSE,,1688665191000
64a6fc4e73193c702eedb734,group than think may one course program in then give however what many stand at system day it no eye problem there old point the set not even there leave,TRUE,153,153.37,99.34,157.51,82.04,"148,0,0,1",words,30,-1,0,11.58,0,0,FALSE,FALSE,english,none,normal,FALSE,FALSE,FALSE,,1688665166000
64a5fe6873193c702e089459,go child large that write the under too you all find word do right if open after one still need possible ask tell say house year time well ask leave,TRUE,148,147.15,96.67,153.37,83.35,"142,2,0,0",words,30,-1,7,11.58,0,14.12,FALSE,FALSE,english,none,normal,FALSE,FALSE,FALSE,,1688600168000
64a5fe4173193c702e0893b1,system nation public find plan work than large man early people plan increase over however during any leave get each end state but hold than how also play way first,,164,117.01,90,134.44,77.76,"141,7,0,2",words,30,-1,0,14.46,0,0,FALSE,FALSE,english,none,normal,FALSE,FALSE,FALSE,,1688600129000
64a5fe2e73193c702e089355,make by from write old feel thing set because place must good he may early order fact to last feel just any help stand keep then between end home on,,148,109.8,91.82,116.08,70.56,"140,2,0,0",words,30,-1,1,15.3,0,5.46,FALSE,FALSE,english,none,normal,FALSE,FALSE,FALSE,,1688600110000
64a5fe1173193c702e0892f2,a order of how on down begin play late face now present all both into with the like part day do such little when word possible line begin school face,,149,116.41,85.26,147.45,71.32,"120,12,3,0",words,30,-1,2,12.37,0,9.14,FALSE,FALSE,english,none,normal,FALSE,FALSE,FALSE,,1688600081000
64a5fdf173193c702e08925f,it person large down when up way know the part take man what like more write few show also of say last that long school another word home nation here,,149,130.62,94.04,140.02,80.6,"139,4,1,1",words,30,-1,1,12.77,0,2.21,FALSE,FALSE,english,none,normal,FALSE,FALSE,FALSE,,1688600049000
64a5fddd73193c702e089212,look keep first this since we take lead great many must move come develop seem after that people person there find fact good make during part just day face child,,161,135.83,95.78,139.29,80.44,"157,2,0,0",words,30,-1,3,13.87,0,8.99,FALSE,FALSE,english,none,normal,FALSE,FALSE,FALSE,,1688600029000
64a5fdbe73193c702e089194,head general small such say order think that help into see at fact of public great eye house those state open look much around down long should to house against,,160,121.78,89.51,144,83.57,"137,11,2,0",words,30,-1,8,13.5,0,13.69,FALSE,FALSE,english,none,normal,FALSE,FALSE,FALSE,,1688599998000
64a5fd8873193c702e0890a1,around stand like off head this follow where will nation real to never call no they think through group state ask have public little even between eye right she since,,165,114.71,92.86,135.05,70.63,"141,5,1,0",words,30,-1,1,14.75,0,1.18,FALSE,FALSE,english,none,normal,FALSE,FALSE,FALSE,,1688599944000
64a5fd5f73193c702e088fe6,we what show play how thing child stand show program early make small when there part must ask many real call one system early increase however even to very develop,,164,136.58,96.99,140.87,73.36,"159,2,0,0",words,30,-1,3,13.97,0,3.23,FALSE,FALSE,english,none,normal,FALSE,FALSE,FALSE,,1688599903000
64a5f9b273193c702e01dce6,without again to make open when good about think to order before place ask against this one govern now as present where nation hold be some take most should work,,161,114.29,92.9,132.24,76.03,"140,4,1,0",words,30,-1,2,14.7,0,16.19,FALSE,FALSE,english,none,normal,FALSE,FALSE,FALSE,,1688598962000
64a5f98e73193c702e01dc33,other which leave follow when so possible know come hand which by point that long stand have would part nation how however but too nation line play also around even,,164,113.66,88.44,136.72,70.18,"138,7,2,0",words,30,-1,3,14.57,0,5.5,FALSE,FALSE,english,none,normal,FALSE,FALSE,FALSE,,1688598926000
64a5f96d73193c702efb3861,move be run who keep play house much while those each in hand word it interest could may word but write at school head before ask own face course be,,148,141.72,90.79,155.17,80.61,"137,8,2,0",words,30,-1,0,11.6,0,0,FALSE,FALSE,english,none,normal,FALSE,FALSE,FALSE,,1688598893000
64a5f93773193c702efb3758,make think nation program off see at now want help begin mean large they now get more fact that we keep who each first come world become order stand also,,153,130.49,95.63,130.49,69.45,"153,0,0,0",words,30,-1,4,14.07,0,9.05,FALSE,FALSE,english,none,normal,FALSE,FALSE,FALSE,,1688598839000
64a5f91873193c702efb36ce,more play will one home to world still most end and first to may early most fact since just say system increase people like increase here late well good out,,156,133.84,95.57,143.01,73.33,"146,3,0,0",words,30,-1,2,13.09,0,4.46,FALSE,FALSE,english,none,normal,FALSE,FALSE,FALSE,,1688598808000
64a5f90073193c702efb3664,any without the any we public never thing he develop or many even head much course any mean at seem under work point after under these the way now leave,,152,143.96,100,143.96,91.27,"152,0,0,0",words,30,-1,0,12.67,0,0,FALSE,FALSE,english,none,normal,FALSE,FALSE,FALSE,,1688598784000
64a5f8ee73193c702efb3619,think to day also follow play should out because see before just come year in play go many down course new she be come eye early not present would own,,150,122.08,94.84,134.74,76.48,"135,2,0,1",words,30,-1,3,13.27,0,14.21,FALSE,FALSE,english,none,normal,FALSE,FALSE,FALSE,,1688598766000
64a5f8cc73193c702efb3584,help change run under then about all new now life old part order take set can here right or small person would large too run thing set make there ask,,149,109.17,90.26,126.23,62.63,"128,5,1,2",words,30,-1,0,14.07,0,0,FALSE,FALSE,english,none,normal,FALSE,FALSE,FALSE,,1688598732000
64a5f8ba73193c702efb3529,where need through mean make see first leave people will she life or when change move from over many house feel part late from just move because the get leave,,158,141.39,98.14,141.39,85.77,"158,0,0,0",words,30,-1,1,13.41,0,0.64,FALSE,FALSE,english,none,normal,FALSE,FALSE,FALSE,,1688598714000
64a5f8a773193c702efb34df,set order who just hand will go find he before develop world one program which fact for this group each however no how because well then possible both down end,,159,136.16,96.3,144.33,74.55,"150,2,0,0",words,30,-1,1,13.22,0,6.96,FALSE,FALSE,english,none,normal,FALSE,FALSE,FALSE,,1688598695000
64a5f88e73193c702efb3475,what how back little know one a come state might group take end word about from they both point it man part point another both know if leave any these,,150,125.42,92.86,143.47,81.16,"132,4,1,0",words,30,-1,0,12.63,0,0,FALSE,FALSE,english,none,normal,FALSE,FALSE,FALSE,,1688598670000
64a5f87d73193c702efb3422,hold and the feel know back not think who turn while for about little no lead very he how long be make while child end need use hand then how,,141,121.68,94.48,131.05,71.32,"130,3,0,1",words,30,-1,4,12.82,0,4.9,FALSE,FALSE,english,none,normal,FALSE,FALSE,FALSE,,1688598653000
64a5f85273193c702efb3353,than only feel good think end many plan child need like these people few other nation not about change a will under from life those since other any must give,TRUE,157,144.95,95,154.81,71.79,"147,4,0,0",words,30,-1,5,12.17,0,7.63,FALSE,FALSE,english,none,normal,FALSE,FALSE,FALSE,,1688598610000
64a5f75d73193c702efb2ed0,time take turn be and we home make early move that would for program move make should man any but,,97,109.32,89.22,124.76,61.35,"85,4,0,0",words,20,-1,0,9.33,0,0,FALSE,FALSE,english,none,normal,FALSE,FALSE,FALSE,,1688598365000
64a5f74f73193c702efb2e97,in need good may come work during no new if possible public here head after line seem make say same,,99,98.19,84,144.4,75.1,"68,10,1,0",words,20,-1,0,8.31,0,0,FALSE,FALSE,english,none,normal,FALSE,FALSE,FALSE,,1688598351000
64a5f74273193c702efb2e52,like who between way open general stand very each possible out mean you than thing but number will between little,,113,133.33,96.49,144.87,70.33,"104,2,0,0",words,20,-1,2,9.36,0,4.07,FALSE,FALSE,english,none,normal,FALSE,FALSE,FALSE,,1688598338000
64a5f72f73193c702efb2df5,back follow long they about first tell such both down write world since out new without leave number look by,,108,115.46,89.81,148.45,84.73,"84,6,1,1",words,20,-1,0,8.73,0,0,FALSE,FALSE,english,none,normal,FALSE,FALSE,FALSE,,1688598319000
64a5f72273193c702efb2db8,each now again more we other program year work back during keep course under thing course and have than run,,107,143.58,93.46,161.71,91.08,"95,5,0,0",words,20,-1,1,7.94,0,7.25,FALSE,FALSE,english,none,normal,FALSE,FALSE,FALSE,,1688598306000
64a5f70e73193c702efb2d5e,become very right during end hold of problem up so only ask fact other do then real problem play mean,,101,130.89,96.19,130.89,67.22,"101,0,0,0",words,20,-1,0,9.26,0,0,FALSE,FALSE,english,none,normal,FALSE,FALSE,FALSE,,1688598286000
64a5f70073193c702efb2d20,home eye word come time have like then child now course or last both that new end leave play and,,96,152.94,96.88,161.34,65.4,"91,2,0,0",words,20,-1,0,7.14,0,0,FALSE,FALSE,english,none,normal,FALSE,FALSE,FALSE,,1688598272000
64a5f6f573193c702efb2cef,call public they think from thing follow home leave this look long up call of which between ask same face,,105,112.22,90.48,133.9,79.03,"88,6,1,1",words,20,-1,3,9.41,0,7.95,FALSE,FALSE,english,none,normal,FALSE,FALSE,FALSE,,1688598261000
64a5f6db73193c702efb2c79,old consider over order form other lead give you late only again that without about end she consider turn think,,111,138.57,96.36,152.42,78.47,"100,2,0,1",words,20,-1,2,8.66,0,5.45,FALSE,FALSE,english,none,normal,FALSE,FALSE,FALSE,,1688598235000
64a5f6be73193c702efb2bfb,make or run form consider good life present a order play man for thing she line move go good when,,97,112.58,92.86,129.8,60.55,"85,4,1,0",words,20,-1,6,9.06,0,15.85,FALSE,FALSE,english,none,normal,FALSE,FALSE,FALSE,,1688598206000
64a5f69c73193c702efb2b69,in house life back state or lead these person he system house early the school leave when word well much,,104,111.45,87.5,137.37,61.14,"86,5,2,0",words,20,-1,2,9.26,0,9.52,FALSE,FALSE,english,none,normal,FALSE,FALSE,FALSE,,1688598171000
64a5f68273193c702efb2ad7,become right time may like man time work head it plan into day must here ask group show during large,,100,111.83,89.52,124.4,57.82,"89,3,0,1",words,20,-1,1,9.55,0,0.82,FALSE,FALSE,english,none,normal,FALSE,FALSE,FALSE,,1688598146000
64a5f67373193c702efb2a94,use also day or people now year than by public would all end work lead program which develop think run,,102,122.9,89.62,142.23,82.6,"89,5,1,0",words,20,-1,0,8.69,0,0,FALSE,FALSE,english,none,normal,FALSE,FALSE,FALSE,,1688598131000
64a5f66573193c702efb2a4f,he under come stand out these which only each hold increase number never early way increase mean many use new,,109,141.35,94.5,157.21,74.05,"98,4,0,0",words,20,-1,0,8.32,0,0,FALSE,FALSE,english,none,normal,FALSE,FALSE,FALSE,,1688598117000
64a5f65373193c702efb29ee,however out work possible same people up face go see tell would head hand over how between here now she,,103,152.59,100,152.59,69.7,"103,0,0,0",words,20,-1,3,8.1,0,3.8,FALSE,FALSE,english,none,normal,FALSE,FALSE,FALSE,,1688598099000
64a5f63f73193c702efb297f,end good each still will find for without few general another interest house begin never there thing of problem find,,116,124.76,87.7,150.48,73.62,"97,6,1,0",words,20,-1,0,9.33,0,0,FALSE,FALSE,english,none,normal,FALSE,FALSE,FALSE,,1688598079000
64a5f63273193c702efb2942,without call public program just any if lead real run such off since well those govern even more fact begin,,107,152.24,96.3,161.19,67.14,"102,2,1,0",words,20,-1,1,8.04,0,0.94,FALSE,FALSE,english,none,normal,FALSE,FALSE,FALSE,,1688598066000
64a5f62473193c702efb2908,down early while turn nation have who than form eye since very go however nation increase if for say since,,106,154.57,94.34,176.18,75.04,"93,4,0,0",words,20,-1,0,7.22,0,0,FALSE,FALSE,english,none,normal,FALSE,FALSE,FALSE,,1688598052000
64a5f61173193c702efb28a3,old day both and day thing eye and mean look follow face much need another each increase that consider than,,107,108.86,92.45,137.37,71.64,"84,5,0,1",words,20,-1,0,9.26,0,0,FALSE,FALSE,english,none,normal,FALSE,FALSE,FALSE,,1688598033000
64a5f60273193c702ef7d6c0,we keep but those because home help think even of be even increase see program any keep problem late person,,107,121.36,88.18,147.27,82.19,"89,7,1,0",words,20,-1,1,8.8,0,1.17,FALSE,FALSE,english,none,normal,FALSE,FALSE,FALSE,,1688598018000
64a5f5f373193c702ef7d679,word also set so then the by line head little same too way program school late hold too form may,,96,119.25,91.67,143.11,65.49,"80,4,1,1",words,20,-1,1,8.05,0,0.9,FALSE,FALSE,english,none,normal,FALSE,FALSE,FALSE,,1688598003000
64a5f5e673193c702ef4848b,at now mean find face system over may life from he real by now day if group and world from,,90,161.92,100,161.92,87.7,"90,0,0,0",words,20,-1,0,6.67,0,0,FALSE,FALSE,english,none,normal,FALSE,FALSE,FALSE,,1688597990000
64a5f5d773193c702ef4844b,more change home come mean will both time become program seem more just could through long up good again over,TRUE,109,169.21,100,169.21,91.15,"109,0,0,0",words,20,-1,3,7.73,0,3.28,FALSE,FALSE,english,none,normal,FALSE,FALSE,FALSE,,1688597975000
64a5f5a073193c702ef48331,on mean hold move eye by first number to all so very each between he govern those begin too also,,96,114.35,91.18,130.49,63.02,"85,3,1,0",words,20,-1,1,8.92,0,0.98,FALSE,FALSE,english,none,normal,FALSE,FALSE,FALSE,,1688597920000
64a5f59173193c702ef482eb,begin right mean most will much we man keep there after up this part might order little run take one,,100,145.1,99.01,145.1,73.18,"100,0,0,0",words,20,-1,0,8.27,0,0,FALSE,FALSE,english,none,normal,FALSE,FALSE,FALSE,,1688597905000
64a5f58473193c702ef482ab,must house it eye get over small person course want too form say general may can well word would out,,100,146.52,100,146.52,73.36,"100,0,0,0",words,20,-1,3,8.19,0,15.22,FALSE,FALSE,english,none,normal,FALSE,FALSE,FALSE,,1688597892000
64a5f56773193c702ef4820c,last home become about from but nation because change help problem home so should such go with word look on,,107,123.41,94.39,140.48,67.35,"94,4,0,0",words,20,-1,0,9.14,0,0,FALSE,FALSE,english,none,normal,FALSE,FALSE,FALSE,,1688597863000
64a5f55773193c702ef481c8,from as than must seem again face both first there turn home nation world come make go move against the,,103,135.93,93.4,152.01,67.54,"93,2,1,0",words,20,-1,1,8.21,0,0.56,FALSE,FALSE,english,none,normal,FALSE,FALSE,FALSE,,1688597847000
64a5f54973193c702ef48179,own govern few have such way say most take public think begin play possible call might point for some time,,106,138.67,98.11,144.16,82.29,"101,0,0,1",words,20,-1,1,8.74,0,1.74,FALSE,FALSE,english,none,normal,FALSE,FALSE,FALSE,,1688597833000
64a5f53973193c702ef48136,feel where also follow develop interest child you can for over be tell govern plan should seem would line about,,111,129.25,91.89,151.02,83.61,"95,5,1,1",words,20,-1,1,8.82,0,1.33,FALSE,FALSE,english,none,normal,FALSE,FALSE,FALSE,,1688597817000
64a5f52673193c702ef480e7,take last see system say small by well new own up around can consider say at where many it hold,,95,160.11,100,160.11,66.47,"95,0,0,0",words,20,-1,0,7.12,0,0,FALSE,FALSE,english,none,normal,FALSE,FALSE,FALSE,,1688597798000
64a5f4ed73193c702ef47fc8,back so of nation know any year ask begin to increase great people there like change head this for a,,100,123.69,89.9,159.04,78.27,"77,6,0,1",words,20,-1,0,7.47,0,0,FALSE,FALSE,english,none,normal,FALSE,FALSE,FALSE,,1688597741000
64a5f4e173193c702ef47f97,by might not state such world other if must after very that keep we way out word how right nation,,97,139.82,96.91,149.04,87.82,"91,2,0,0",words,20,-1,3,7.81,0,2.81,FALSE,FALSE,english,none,normal,FALSE,FALSE,FALSE,,1688597729000
64a5f4d073193c702ef47f4b,would he not again own who also show present want any between after no public he like another we like,,101,120.63,93.4,126.91,79.52,"96,2,0,0",words,20,-1,1,9.55,0,6.02,FALSE,FALSE,english,none,normal,FALSE,FALSE,FALSE,,1688597712000
64a5f4bb73193c702ef47ef8,down all stand part think would during back hand early other down may these feel keep where there if order,,106,145.87,98.15,145.87,86.4,"106,0,0,0",words,20,-1,0,8.72,0,0,FALSE,FALSE,english,none,normal,FALSE,FALSE,FALSE,,1688597691000
64a5f4ae73193c702ef47ebc,tell program real life head may place long with can little how possible begin problem now out open line help,,108,146.72,92.59,166.8,92.41,"95,5,1,1",words,20,-1,0,7.77,0,0,FALSE,FALSE,english,none,normal,FALSE,FALSE,FALSE,,1688597678000
64a5f4a373193c702ef47e82,many get she by will against all get write may at school real same over one end no work into,,92,148.79,98.92,148.79,80.8,"92,0,0,0",words,20,-1,1,7.42,0,1.98,FALSE,FALSE,english,none,normal,FALSE,FALSE,FALSE,,1688597667000
64a5f47973193c702ef47dd6,become mean that consider after head little school form must old they such system number give man too only general,,114,144.27,97.37,153.71,88.42,"107,2,0,0",words,20,-1,2,8.9,0,2.3,FALSE,FALSE,english,none,normal,FALSE,FALSE,FALSE,,1688597625000
64a5f46973193c702ef47d91,to own show fact during still leave again who get other know but much house call govern this help after,,103,158.66,100,158.66,91.82,"103,0,0,0",words,20,-1,2,7.79,0,2.8,FALSE,FALSE,english,none,normal,FALSE,FALSE,FALSE,,1688597609000
64a5f45573193c702ef47d47,no back day out present face another thing since so general use nation however seem good move nation through thing,,114,164.42,100,164.42,72.65,"114,0,0,0",words,20,-1,1,8.32,0,4.08,FALSE,FALSE,english,none,normal,FALSE,FALSE,FALSE,,1688597589000
64a5f44373193c702ef47cfc,or nation state end help a would than home because call may some plan we give interest program line person,,106,141.95,95.37,155.12,75.16,"97,2,0,0",words,20,-1,1,8.2,0,0.8,FALSE,FALSE,english,none,normal,FALSE,FALSE,FALSE,,1688597571000
64a5f43573193c702ef47cbf,what may lead a take help work know ask face look good after from nation seem word few these develop,,100,133.93,97.09,133.93,86.1,"100,0,0,0",words,20,-1,0,8.96,0,0,FALSE,FALSE,english,none,normal,FALSE,FALSE,FALSE,,1688597557000
64a5f42873193c702ef47c7e,know here up thing very more little another from early they will most want number home say which late govern,,108,133.8,94.44,150.52,77.3,"96,4,0,0",words,20,-1,0,8.61,0,0,FALSE,FALSE,english,none,normal,FALSE,FALSE,FALSE,,1688597544000
64a5f41a73193c702ef47c47,on public eye then other out with end lead system order more face long keep will man seem consider most,,103,108.21,89.42,125.23,78.04,"89,8,0,0",words,20,-1,2,9.87,0,7.25,FALSE,FALSE,english,none,normal,FALSE,FALSE,FALSE,,1688597529000
64a5f40173193c702ef47bd0,place they do during in all last it need other increase see head eye now time stand with from world,,99,114.92,91,130.96,75.75,"86,4,0,1",words,20,-1,1,8.98,0,1.97,FALSE,FALSE,english,none,normal,FALSE,FALSE,FALSE,,1688597505000
64a5f3f073193c702ef47b83,open find down nation become leave find for seem develop this life never or right general show this group come,,110,161.37,100,161.37,73.34,"110,0,0,0",words,20,-1,3,8.18,0,3.42,FALSE,FALSE,english,none,normal,FALSE,FALSE,FALSE,,1688597488000
64a5f3de73193c702ef47b1d,need while good must govern school increase to become it or another these against how part same you fact leave,,110,119.53,94.69,128.91,63.33,"102,2,0,0",words,20,-1,0,10.24,0,0,FALSE,FALSE,english,none,normal,FALSE,FALSE,FALSE,,1688597470000
64a5f3d073193c702ef47adc,keep in public go develop lead between child general need possible lead during have begin old another just not give,,115,125.39,94.96,134.77,65.02,"107,2,0,0",words,20,-1,0,10.24,0,0,FALSE,FALSE,english,none,normal,FALSE,FALSE,FALSE,,1688597456000
64a5f3c173193c702ef47a8c,tell however who since without time with than program way so would person another she think down it large than,,110,148.76,95.58,157.26,81.95,"105,1,1,0",words,20,-1,0,8.47,0,0,FALSE,FALSE,english,none,normal,FALSE,FALSE,FALSE,,1688597441000
64a5f3b573193c702ef47a35,mean few at be begin have follow run late by now form make use work write such many public tell,,95,154.51,96.84,163.09,91.41,"90,2,0,0",words,20,-1,0,6.99,0,0,FALSE,FALSE,english,none,normal,FALSE,FALSE,FALSE,,1688597429000
64a5f3a173193c702ef479e3,group use all say line large that like person when will around out or life tell only in house move,TRUE,98,167.28,100,167.28,61.35,"98,0,0,0",words,20,-1,0,7.03,0,0,FALSE,FALSE,english,none,normal,FALSE,FALSE,FALSE,,1688597409000
64a5f38a73193c702ef4796b,leave could develop line show by develop where we people they first these want great like face against want old,,111,144.63,100,144.63,70.55,"111,0,0,0",words,20,-1,0,9.21,0,0,FALSE,FALSE,english,none,normal,FALSE,FALSE,FALSE,,1688597386000
64a5f37d73193c702ef47931,not course keep hold use as find should help early like now problem this show few from come run public,,102,136.49,98.02,143.6,78.67,"96,1,0,1",words,20,-1,4,8.44,0,15.31,FALSE,FALSE,english,none,normal,FALSE,FALSE,FALSE,,1688597373000
64a5f35973193c702ef47885,might ask way as back after this late one call they small end develop hold such those however leave for,,103,158.87,100,158.87,89.67,"103,0,0,0",words,20,-1,2,7.78,0,1.71,FALSE,FALSE,english,none,normal,FALSE,FALSE,FALSE,,1688597337000
64a5f34873193c702ef47832,lead that fact off under way what see stand do even order which long by first it write turn he,,94,122.21,95.05,122.21,62.59,"94,0,0,0",words,20,-1,6,9.23,0,17.01,FALSE,FALSE,english,none,normal,FALSE,FALSE,FALSE,,1688597320000
64a5ae3673193c702e6e05ee,become up change ask high see now these time out long call see line world not high of call small,,96,140.89,94.79,155.47,77.18,"87,2,1,1",words,20,-1,1,7.41,0,0.7,FALSE,FALSE,english,none,normal,FALSE,FALSE,FALSE,,1688579638000
64a5ae1f73193c702e6e0541,thing late give head here in hold here state after part child way down call part follow give well hold,,102,146.24,100,146.24,76.84,"102,0,0,0",words,20,-1,8,8.37,0,17.31,FALSE,FALSE,english,none,normal,FALSE,FALSE,FALSE,,1688579615000
64a5adfb73193c702e6e0443,while from course even small keep too ask that you fact lead will other end need first should at use,,100,132.46,87.25,159.26,89.73,"84,7,2,1",words,20,-1,0,7.61,0,0,FALSE,FALSE,english,none,normal,FALSE,FALSE,FALSE,,1688579579000
64a5aded73193c702e6e03c7,hold against go at present like most early good which interest present think from move group would too move on,,110,111.69,91.07,136.5,82.99,"90,5,0,0",words,20,-1,1,9.67,0,9.46,FALSE,FALSE,english,none,normal,FALSE,FALSE,FALSE,,1688579565000
64a5add473193c702e6e030c,would keep on head each or run nation high when by number possible last very each line order mean such,,102,141.67,98.1,141.67,72.01,"102,0,0,0",words,20,-1,4,8.64,0,4.7,FALSE,FALSE,english,none,normal,FALSE,FALSE,FALSE,,1688579540000
64a5ad7173193c702e6dfffd,house ask real take one never set most on few course begin through find may same fact than those great,,102,159.79,100,159.79,88.07,"102,0,0,0",words,20,-1,2,7.66,0,3.27,FALSE,FALSE,english,none,normal,FALSE,FALSE,FALSE,,1688579441000
64a5ad5f73193c702e6dff75,run only look know make look world great group as ask over nation people get feel into come you each,,100,115.57,96.04,122.95,65.69,"94,2,0,0",words,20,-1,0,9.76,0,0,FALSE,FALSE,english,none,normal,FALSE,FALSE,FALSE,,1688579423000
64a5ad5173193c702e6dff09,most man system these she give other hold here public now develop still great off people will help you think,,108,150.7,100,150.7,85.59,"108,0,0,0",words,20,-1,8,8.6,0,18.68,FALSE,FALSE,english,none,normal,FALSE,FALSE,FALSE,,1688579409000
64a5ad2873193c702e6dfdce,want will feel old what get number then head will make both begin after just how to up person only,,98,133.65,96.94,140.84,71.8,"93,2,0,0",words,20,-1,0,8.35,0,0,FALSE,FALSE,english,none,normal,FALSE,FALSE,FALSE,,1688579368000
64a5ad1c73193c702e6dfd66,before find through hand that each can program govern around do general before a out so eye develop again during,,112,153.78,99.12,153.78,84.7,"112,0,0,0",words,20,-1,0,8.74,0,0,FALSE,FALSE,english,none,normal,FALSE,FALSE,FALSE,,1688579356000
64a5ad0e73193c702e6dfd03,turn find govern home must the year thing well open now may too head become people leave give head look,,103,147.92,97.09,155.47,96.05,"98,2,0,0",words,20,-1,2,7.95,0,1.74,FALSE,FALSE,english,none,normal,FALSE,FALSE,FALSE,,1688579342000
64a5acfd73193c702e6dfc8a,a show people few work thing nation want the little place how people up set when another here up turn,,101,112.61,88.18,123.51,67.6,"93,2,1,0",words,20,-1,0,9.91,0,0,FALSE,FALSE,english,none,normal,FALSE,FALSE,FALSE,,1688579325000
64a5acef73193c702e6dfc20,will use into again who life can time many become ask not through even against general come since help late,,107,154.2,96.3,164.89,81.82,"101,2,1,0",words,20,-1,0,7.86,0,0,FALSE,FALSE,english,none,normal,FALSE,FALSE,FALSE,,1688579311000
64a5ace373193c702e6dfbcb,time when present what word under point down about back become few for use many where such ask they even,,104,148.22,98.11,148.22,78.16,"104,0,0,0",words,20,-1,0,8.42,0,0,FALSE,FALSE,english,none,normal,FALSE,FALSE,FALSE,,1688579299000
64a5acd573193c702e6dfb5d,group when after another man both face you into like hand people here find into know follow while increase see,,110,141.33,100,141.33,72.73,"110,0,0,0",words,20,-1,0,9.34,0,0,FALSE,FALSE,english,none,normal,FALSE,FALSE,FALSE,,1688579285000
64a5acc673193c702e6dfae7,course too child not feel if before time another on think about large same these well public take make between,,110,139.24,98.21,139.24,72.4,"110,0,0,0",words,20,-1,2,9.48,0,14.7,FALSE,FALSE,english,none,normal,FALSE,FALSE,FALSE,,1688579270000
64a5aca773193c702e6df9fc,do now still course way you problem man it could on around place fact come head feel to through world,,101,122.77,94.23,133.33,62.97,"93,2,0,0",words,20,-1,2,9.09,0,12.13,FALSE,FALSE,english,none,normal,FALSE,FALSE,FALSE,,1688579239000
64a5ac8c73193c702e6df938,mean back program some want show home year even and like such over into where must like long increase over,,106,112.42,90.48,137.25,67.78,"86,6,1,2",words,20,-1,0,9.18,0,0,FALSE,FALSE,english,none,normal,FALSE,FALSE,FALSE,,1688579212000
64a5ac7e73193c702e6df8c3,few come we person child get seem may again about small before around follow there to first this large now,,106,128.34,94.59,137.33,63.87,"100,1,1,0",words,20,-1,1,9.35,0,1.26,FALSE,FALSE,english,none,normal,FALSE,FALSE,FALSE,,1688579198000
64a5ac6e73193c702e6df82e,first do there life govern point new become must some have set might all because in run need also go,,100,101.45,83.17,143.48,64.17,"70,9,1,2",words,20,-1,2,8.28,0,3.56,FALSE,FALSE,english,none,normal,FALSE,FALSE,FALSE,,1688579182000
64a5ac5b73193c702e6df7b3,want keep old both do find know hand stand child not see than so late could hand but interest child,TRUE,99,162.92,96.97,173.43,93.5,"93,2,0,0",words,20,-1,1,6.85,0,1.52,FALSE,FALSE,english,none,normal,FALSE,FALSE,FALSE,,1688579163000
64a5ac4d73193c702e6df756,great good be lead that set public feel down must develop what need system use own a just might plan,,100,138.81,93.27,149.25,64.42,"93,2,0,0",words,20,-1,1,8.04,0,5.62,FALSE,FALSE,english,none,normal,FALSE,FALSE,FALSE,,1688579149000
64a5ac3a73193c702e6aa555,in be late this how right these which school problem write never play like of each get time nation just,,103,152.22,100,152.22,70.55,"103,0,0,0",words,20,-1,0,8.12,0,0,FALSE,FALSE,english,none,normal,FALSE,FALSE,FALSE,,1688579130000
64a5ac1873193c702e6752c8,last where set day way however world line they both also with however begin this much new on many thing,,103,146.79,100,146.79,80.2,"103,0,0,0",words,20,-1,5,8.42,0,13.6,FALSE,FALSE,english,none,normal,FALSE,FALSE,FALSE,,1688579096000
64a5abfa73193c702e6751f9,after public long large new a most play come day possible say interest you great present last person more interest,,114,131.83,95.76,140.45,76.42,"107,2,0,0",words,20,-1,1,9.74,0,1.12,FALSE,FALSE,english,none,normal,FALSE,FALSE,FALSE,,1688579066000
64a5abe973193c702e675172,begin while here against still ask must each on few there state house would here people follow for any they,,107,139.57,95.54,139.57,68.36,"107,0,0,0",words,20,-1,4,9.2,0,21.64,FALSE,FALSE,english,none,normal,FALSE,FALSE,FALSE,,1688579049000
64a5abc273193c702e675050,part call write more last back use may many could problem even from system since stand get know by form,,103,123.04,92.66,138.92,67.07,"93,3,2,0",words,20,-1,1,9.07,0,1.39,FALSE,FALSE,english,none,normal,FALSE,FALSE,FALSE,,1688579010000
64a5abb273193c702e674fe4,course than might also when end that but make you set go he when problem be few because as public,,97,117.07,90.1,136.59,66.83,"84,4,1,0",words,20,-1,0,8.61,0,0,FALSE,FALSE,english,none,normal,FALSE,FALSE,FALSE,,1688578994000
64a5aba573193c702e674f78,plan consider might so real day word need turn life both of another day see like under well to know,,99,157.98,100,157.98,88.96,"99,0,0,0",words,20,-1,2,7.52,0,2.56,FALSE,FALSE,english,none,normal,FALSE,FALSE,FALSE,,1688578980000
64a5ab9473193c702e674efc,child however tell same life set when way change present for lead well how ask consider eye move what who,,105,121.9,91.82,143.57,78.28,"90,3,1,0",words,20,-1,0,8.86,0,0,FALSE,FALSE,english,none,normal,FALSE,FALSE,FALSE,,1688578964000
64a5ab8773193c702e674eab,from not back follow possible begin old all time play line some as show possible consider work of way still,,107,121.15,89.81,155.77,72.5,"84,7,1,0",words,20,-1,0,8.32,0,0,FALSE,FALSE,english,none,normal,FALSE,FALSE,FALSE,,1688578951000
64a5ab7a73193c702e674e3b,late most leave after school want world small off place to plan while around fact up real against eye stand,,107,122.18,92.92,129.44,66,"101,2,0,0",words,20,-1,2,9.92,0,3.11,FALSE,FALSE,english,none,normal,FALSE,FALSE,FALSE,,1688578938000
64a5ab6873193c702e674da7,by place since say and great person school right about before because off a both state say seem after general,,109,113.99,85.84,137.79,69.5,"91,9,1,0",words,20,-1,2,9.58,0,5.84,FALSE,FALSE,english,none,normal,FALSE,FALSE,FALSE,,1688578919000
64a5ab5273193c702e674cfd,system she show begin on word mean use any day feel also mean but we right see use who because,TRUE,94,157.98,100,157.98,70.6,"94,0,0,0",words,20,-1,2,7.14,0,1,FALSE,FALSE,english,none,normal,FALSE,FALSE,FALSE,,1688578898000
64a5ab4473193c702e674c87,hand people way tell public want as find than run but come each play person she each head move present,,102,136.2,98.02,144.8,71.89,"95,1,0,1",words,20,-1,1,8.37,0,2.1,FALSE,FALSE,english,none,normal,FALSE,FALSE,FALSE,,1688578884000
64a5ab3473193c702e674c08,great own many a early child show line order what from early child mean must real and problem must where,TRUE,104,152.94,100,152.94,63.73,"104,0,0,0",words,20,-1,2,8.16,0,2.42,FALSE,FALSE,english,none,normal,FALSE,FALSE,FALSE,,1688578868000
64a5ab2473193c702e674b8c,turn begin what use home man long on only while what since on set word if those plan such thing,,95,119.57,91,135.23,66.21,"84,3,0,0",words,20,-1,1,8.43,0,0.56,FALSE,FALSE,english,none,normal,FALSE,FALSE,FALSE,,1688578852000
64a5ab1573193c702e674b0b,small around right another part find a govern fact great however as both point here same know ask real she,TRUE,106,148.88,97.17,157.82,65.4,"100,2,0,0",words,20,-1,2,8.06,0,3.76,FALSE,FALSE,english,none,normal,FALSE,FALSE,FALSE,,1688578837000
64a5ab0373193c702e674a68,or through there order might here both work under not home possible late all increase it number also right to,,109,139.7,95.5,152.27,86,"100,2,0,0",words,20,-1,4,8.59,0,3.78,FALSE,FALSE,english,none,normal,FALSE,FALSE,FALSE,,1688578819000
64a5aaef73193c702e6749cc,here form interest what both time keep number even person or life at high want way in seem during from,,102,144.85,95.24,155.53,78.75,"95,2,0,0",words,20,-1,2,7.87,0,0.76,FALSE,FALSE,english,none,normal,FALSE,FALSE,FALSE,,1688578799000
64a5aad173193c702e6748dc,even however system find face with never late go come hand those mean as during state down another then like,TRUE,108,147.45,97.25,159.12,71.81,"101,1,1,0",words,20,-1,1,8.22,0,2.64,FALSE,FALSE,english,none,normal,FALSE,FALSE,FALSE,,1688578768000
64a5aac073193c702e674850,however now go small thing keep without out year might home into but while again he even see real change,TRUE,104,126.45,92.66,134.19,63.67,"98,2,0,0",words,20,-1,4,9.3,0,7.4,FALSE,FALSE,english,none,normal,FALSE,FALSE,FALSE,,1688578752000
64a5aaa373193c702e674778,ask own can many consider during help govern never head work while between group person line you own after as,,109,114.98,92.24,133.33,72.88,"94,4,0,0",words,20,-1,1,9.81,0,2.31,FALSE,FALSE,english,none,normal,FALSE,FALSE,FALSE,,1688578723000
64a5aa8f73193c702e6746e4,help change very come any the look however each by ask take in help nation only may than up he,,94,123.59,91.75,136.53,65.91,"86,3,1,0",words,20,-1,0,8.35,0,0,FALSE,FALSE,english,none,normal,FALSE,FALSE,FALSE,,1688578703000
64a5aa4373193c702e6744c2,help new play point back right should early public very each own work old change many course there same open,TRUE,108,125.8,89.81,152.65,82.43,"89,8,0,0",words,20,-1,7,8.49,0,12.56,FALSE,FALSE,english,none,normal,FALSE,FALSE,FALSE,,1688578627000
64a5a9ee73193c702e6741fd,eye line out for people out then another not great,,50,147.01,94,170.94,92.18,"43,2,0,0",words,10,-1,8,3.51,0,7.71,FALSE,FALSE,english,none,normal,FALSE,FALSE,FALSE,,1688578542000
64a5a99773193c702e673f72,he last she end or and present even play point,,46,163.31,100,163.31,67.18,"46,0,0,0",words,10,-1,5,3.38,0,15.63,FALSE,FALSE,english,none,normal,FALSE,FALSE,FALSE,,1688578455000
64a5a97973193c702e673e89,work system still before hold order mean of early over,,54,147.64,94.44,169.63,94.61,"47,2,0,0",words,10,-1,0,3.82,0,0,FALSE,FALSE,english,none,normal,FALSE,FALSE,FALSE,,1688578425000
64a5a97173193c702e673e47,same such might however do over problem want can show,,53,133.89,98.15,133.89,81.68,"53,0,0,0",words,10,-1,3,4.75,0,5.45,FALSE,FALSE,english,none,normal,FALSE,FALSE,FALSE,,1688578417000
64a5a95d73193c702e673db2,face such head what could only play another life now,,52,175.77,100,175.77,75.19,"52,0,0,0",words,10,-1,2,3.55,0,2.89,FALSE,FALSE,english,none,normal,FALSE,FALSE,FALSE,,1688578397000
64a5a94873193c702e673d19,order system move write public during follow one program to,,59,162.76,100,162.76,74.63,"59,0,0,0",words,10,-1,1,4.35,0,0.7,FALSE,FALSE,english,none,normal,FALSE,FALSE,FALSE,,1688578376000
64a5a93f73193c702e673ccb,long it few still each after much look what large,,49,165.63,100,165.63,90.33,"49,0,0,0",words,10,-1,0,3.55,0,0,FALSE,FALSE,english,none,normal,FALSE,FALSE,FALSE,,1688578367000
64a5a93473193c702e673c85,child large only many at time face form word fact,,49,134.25,100,134.25,65.62,"49,0,0,0",words,10,-1,4,4.38,0,8.04,FALSE,FALSE,english,none,normal,FALSE,FALSE,FALSE,,1688578356000
64a5a91f73193c702e673be2,from any we set where or still and take stand,,45,130.59,90.91,155.29,68.51,"37,2,0,1",words,10,-1,5,3.4,0,12.89,FALSE,FALSE,english,none,normal,FALSE,FALSE,FALSE,,1688578335000
64a5a90773193c702e673b2c,find if can on no one from early plan might,,43,163.81,100,163.81,57.72,"43,0,0,0",words,10,-1,0,3.15,0,0,FALSE,FALSE,english,none,normal,FALSE,FALSE,FALSE,,1688578311000
64a5a8ed73193c702e673a77,how other high both begin work point ask how you,,48,171.94,100,171.94,66.16,"48,0,0,0",words,10,-1,1,3.35,0,1.49,FALSE,FALSE,english,none,normal,FALSE,FALSE,FALSE,,1688578285000
64a5a8e473193c702e673a1a,take during general some from he change against open few,,56,163.5,100,163.5,62.39,"56,0,0,0",words,10,-1,1,4.11,0,0.01,FALSE,FALSE,english,none,normal,FALSE,FALSE,FALSE,,1688578275000
64a5a8da73193c702e6739d3,old down work take time over off one large down,,47,153.68,100,153.68,95.94,"47,0,0,0",words,10,-1,0,3.67,0,0,FALSE,FALSE,english,none,normal,FALSE,FALSE,FALSE,,1688578266000
64a5a8d273193c702e67399e,set child only a into another right give when state,,51,118.45,89.09,131.33,77.66,"46,2,0,0",words,10,-1,2,4.66,0,2.96,FALSE,FALSE,english,none,normal,FALSE,FALSE,FALSE,,1688578258000
64a5a8c573193c702e673942,in number old than write house word way first here,,50,162.16,100,162.16,86.56,"50,0,0,0",words,10,-1,0,3.7,0,0,FALSE,FALSE,english,none,normal,FALSE,FALSE,FALSE,,1688578245000
64a5a8bc73193c702e673902,problem long during of just or same day may many,,48,121.83,91.11,134.01,64.77,"40,2,0,4",words,10,-1,0,3.94,0,0,FALSE,FALSE,english,none,normal,FALSE,FALSE,FALSE,,1688578236000
64a5a8b473193c702e63e762,know by mean since thing or those never still must,,50,174.42,100,174.42,69.8,"50,0,0,0",words,10,-1,1,3.44,0,1.87,FALSE,FALSE,english,none,normal,FALSE,FALSE,FALSE,,1688578228000
64a5a8aa73193c702e63e724,since day while see out same develop early there however,,56,147.42,93.1,165.11,47.96,"50,2,0,0",words,10,-1,4,4.07,0,6.86,FALSE,FALSE,english,none,normal,FALSE,FALSE,FALSE,,1688578218000
64a5a89873193c702e609513,way some to about high ask however small make be,,48,171.94,100,171.94,64.17,"48,0,0,0",words,10,-1,4,3.35,0,4.79,FALSE,FALSE,english,none,normal,FALSE,FALSE,FALSE,,1688578200000
64a5a88573193c702e6094aa,number up back world both mean set by well people,,49,171.93,100,171.93,70.36,"49,0,0,0",words,10,-1,2,3.42,0,3.45,FALSE,FALSE,english,none,normal,FALSE,FALSE,FALSE,,1688578181000
64a5a82573193c702e609202,program of work could from under time need way can,,50,140.63,92.16,159.38,87.78,"45,2,1,0",words,10,-1,0,3.84,0,0,FALSE,FALSE,english,none,normal,FALSE,FALSE,FALSE,,1688578085000
64a5a81c73193c702e6091be,take have many plan for need will there these become,,52,139.91,96.36,139.91,73.65,"52,0,0,0",words,10,-1,0,4.46,0,0,FALSE,FALSE,english,none,normal,FALSE,FALSE,FALSE,,1688578076000
64a5a81473193c702e609176,public large like school tell to however house small late,,57,159.44,100,159.44,71.39,"57,0,0,0",words,10,-1,6,4.29,0,6.73,FALSE,FALSE,english,none,normal,FALSE,FALSE,FALSE,,1688578068000
64a5a80073193c702e6090ee,be they end course thing these call since in late,,49,139.23,93.88,162.43,88.81,"42,2,0,0",words,10,-1,1,3.62,0,0.83,FALSE,FALSE,english,none,normal,FALSE,FALSE,FALSE,,1688578048000
64a5a7f673193c702e6090a2,say time during want real look she another lead part,,52,155.37,94.12,168.6,94.91,"47,2,0,1",words,10,-1,1,3.63,0,2.26,FALSE,FALSE,english,none,normal,FALSE,FALSE,FALSE,,1688578038000
64a5a7ec73193c702e60905a,can one could right see early keep more late still,,50,165.75,100,165.75,90.45,"50,0,0,0",words,10,-1,5,3.62,0,6.47,FALSE,FALSE,english,none,normal,FALSE,FALSE,FALSE,,1688578028000
64a5a7da73193c702e608fd7,line never late just make all face hold those nation,,52,166.77,94.23,188.52,69.72,"46,2,0,0",words,10,-1,2,3.31,0,1.88,FALSE,FALSE,english,none,normal,FALSE,FALSE,FALSE,,1688578010000
64a5a7cf73193c702e608f80,long need head group part call general child no house,,53,133.05,96.49,133.05,70.47,"53,0,0,0",words,10,-1,2,4.78,0,2.77,FALSE,FALSE,english,none,normal,FALSE,FALSE,FALSE,,1688577999000
64a5a7c273193c702e608f26,do off not program plan play this man move school,,49,164.71,100,164.71,91.94,"49,0,0,0",words,10,-1,0,3.57,0,0,FALSE,FALSE,english,none,normal,FALSE,FALSE,FALSE,,1688577986000
64a5a7b873193c702e608ee8,small these well no house the those well give again,,51,150,100,150,59.65,"51,0,0,0",words,10,-1,0,4.08,0,0,FALSE,FALSE,english,none,normal,FALSE,FALSE,FALSE,,1688577976000
64a5a7b073193c702e608eaa,leave point must when where point large during only home,,56,122.18,94.92,122.18,51.76,"56,0,0,0",words,10,-1,4,5.5,0,7.77,FALSE,FALSE,english,none,normal,FALSE,FALSE,FALSE,,1688577968000
64a5a79a73193c702e608e05,people for which have too new each since look or,,48,149.22,96,149.22,73.77,"48,0,0,0",words,10,-1,7,3.86,0,11.64,FALSE,FALSE,english,none,normal,FALSE,FALSE,FALSE,,1688577946000
64a5a76773193c702e608cb5,good mean if at work but could way those no,,43,170.86,100,170.86,47.37,"43,0,0,0",words,10,-1,1,3.02,0,4.37,FALSE,FALSE,english,none,normal,FALSE,FALSE,FALSE,,1688577895000
64a5a75b73193c702e608c52,all she never do early be another life this great,,49,181.48,100,181.48,59.46,"49,0,0,0",words,10,-1,0,3.24,0,0,FALSE,FALSE,english,none,normal,FALSE,FALSE,FALSE,,1688577882000
64a5a75373193c702e608c1a,early word all time system consider only become again while,,59,146.58,98.33,146.58,73.37,"59,0,0,0",words,10,-1,1,4.83,0,1.43,FALSE,FALSE,english,none,normal,FALSE,FALSE,FALSE,,1688577875000
64a5a74773193c702e608bc3,early few than most open first use world at off,,47,180.77,100,180.77,51.06,"47,0,0,0",words,10,-1,0,3.12,0,0,FALSE,FALSE,english,none,normal,FALSE,FALSE,FALSE,,1688577863000
64a5a73d73193c702e608b84,end other stand show own child not use great point,,50,166.67,100,166.67,94.95,"50,0,0,0",words,10,-1,2,3.6,0,3.31,FALSE,FALSE,english,none,normal,FALSE,FALSE,FALSE,,1688577853000
64a5a73073193c702e608b2b,right since small much set house you govern number new,,54,154.65,100,154.65,69.35,"54,0,0,0",words,10,-1,4,4.19,0,4.68,FALSE,FALSE,english,none,normal,FALSE,FALSE,FALSE,,1688577840000
64a5a72073193c702e608aad,ask back show work early take many against hand public,,54,185.67,100,185.67,76.29,"54,0,0,0",words,10,-1,4,3.49,0,10.97,FALSE,FALSE,english,none,normal,FALSE,FALSE,FALSE,,1688577824000
64a5a70773193c702e6089e9,come give need new how world that when lead person,,50,132.16,96.23,132.16,70.09,"50,0,0,0",words,10,-1,1,4.54,0,2.06,FALSE,FALSE,english,none,normal,FALSE,FALSE,FALSE,,1688577799000
64a5a6fb73193c702e60897d,good back home increase off problem see she give and,,52,158.38,100,158.38,93.52,"52,0,0,0",words,10,-1,0,3.94,0,0,FALSE,FALSE,english,none,normal,FALSE,FALSE,FALSE,,1688577787000
64a5a6e773193c702e6088dd,right for hold where then nation this great well right,,54,174.19,100,174.19,92.1,"54,0,0,0",words,10,-1,2,3.72,0,6.03,FALSE,FALSE,english,none,normal,FALSE,FALSE,FALSE,,1688577767000
64a5a6d773193c702e60885b,interest without play out which give govern good still change,,61,120,86.89,159.13,80.77,"46,5,1,1",words,10,-1,2,4.6,0,4.44,FALSE,FALSE,english,none,normal,FALSE,FALSE,FALSE,,1688577751000
64a5a6c873193c702e6087e9,word come need become child first number could fact form,,56,136.74,94.64,156.28,70.99,"49,2,0,0",words,10,-1,3,4.3,0,5.68,FALSE,FALSE,english,none,normal,FALSE,FALSE,FALSE,,1688577736000
64a5a6b773193c702e60876c,just call she can world part some however also course,,53,135.85,92.86,152.83,64.56,"48,1,1,0",words,10,-1,0,4.24,0,0,FALSE,FALSE,english,none,normal,FALSE,FALSE,FALSE,,1688577719000
64a5a6ae73193c702e608739,never to by increase so still turn then show must,,49,158.06,100,158.06,83.86,"49,0,0,0",words,10,-1,0,3.72,0,0,FALSE,FALSE,english,none,normal,FALSE,FALSE,FALSE,,1688577710000
64a5a6a673193c702e6086fb,stand when should change interest do a before since both,,56,151.69,100,151.69,79.33,"56,0,0,0",words,10,-1,2,4.43,0,2.76,FALSE,FALSE,english,none,normal,FALSE,FALSE,FALSE,,1688577702000
64a5a69973193c702e6086a0,and both home tell those time number another while few,,54,157.66,100,157.66,57.24,"54,0,0,0",words,10,-1,1,4.11,0,4.21,FALSE,FALSE,english,none,normal,FALSE,FALSE,FALSE,,1688577689000
64a5a68b73193c702e608637,and only possible we what seem show no line in,,46,149.54,97.78,164.13,67.73,"41,0,0,1",words,10,-1,3,3.29,0,4.08,FALSE,FALSE,english,none,normal,FALSE,FALSE,FALSE,,1688577675000
64a5a67073193c702e608562,at large great too use person may there here never,,50,157.48,100,157.48,89.17,"50,0,0,0",words,10,-1,0,3.81,0,0,FALSE,FALSE,english,none,normal,FALSE,FALSE,FALSE,,1688577648000
64a5a66773193c702e608528,become real great when use lead course see thing state,,54,105.88,86.21,138.66,77.14,"42,3,1,0",words,10,-1,7,4.76,0,15.9,FALSE,FALSE,english,none,normal,FALSE,FALSE,FALSE,,1688577639000
64a5a64973193c702e60843f,home think last move go right one more now never,,48,145.24,93.88,169.45,74.59,"42,1,1,0",words,10,-1,4,3.47,0,3.94,FALSE,FALSE,english,none,normal,FALSE,FALSE,FALSE,,1688577609000
64a5a63973193c702e6083ab,tell find or because may from leave could work however,,54,160.45,94.44,180.5,87.56,"48,2,0,0",words,10,-1,2,3.59,0,4.8,FALSE,FALSE,english,none,normal,FALSE,FALSE,FALSE,,1688577592000
64a5a62a73193c702e60832b,great in fact can back person program write system plan,,55,157.81,94.55,180.82,91.65,"48,2,0,0",words,10,-1,1,3.65,0,0.79,FALSE,FALSE,english,none,normal,FALSE,FALSE,FALSE,,1688577578000
64a5a5d573193c702e608070,that point for begin word from so write still state,,51,173.86,100,173.86,88.37,"51,0,0,0",words,10,-1,1,3.52,0,3.93,FALSE,FALSE,english,none,normal,FALSE,FALSE,FALSE,,1688577493000
64a5a5c673193c702e60800e,what around that feel it early you through day interest,,55,164.25,94.55,184.36,92.26,"49,2,0,0",words,10,-1,2,3.58,0,3.01,FALSE,FALSE,english,none,normal,FALSE,FALSE,FALSE,,1688577478000
64a5a5a873193c702e607f2a,much may here must long take during new school little,,53,159,100,159,84.59,"53,0,0,0",words,10,-1,5,4,1,6.46,FALSE,FALSE,english,none,normal,FALSE,FALSE,FALSE,,1688577447000
64a5a59473193c702e607e79,change should world own nation govern general since write will,,62,155.97,100,155.97,88.66,"62,0,0,0",words,10,-1,0,4.77,0,0,FALSE,FALSE,english,none,normal,FALSE,FALSE,FALSE,,1688577428000
64a5a58b73193c702e607e34,and order show say no person write life feel program,,52,165.52,100,165.52,93.97,"52,0,0,0",words,10,-1,3,3.77,0,3.12,FALSE,FALSE,english,none,normal,FALSE,FALSE,FALSE,,1688577419000
64a5a57273193c702e607d6a,if before any set know must than how more or,,44,170.87,100,170.87,47.53,"44,0,0,0",words,10,-1,1,3.09,0,2.33,FALSE,FALSE,english,none,normal,FALSE,FALSE,FALSE,,1688577394000
64a5a56773193c702e607d0c,well man do need house other first or many people,,49,178.72,98,178.72,62.28,"49,0,0,0",words,10,-1,1,3.29,0,0.86,FALSE,FALSE,english,none,normal,FALSE,FALSE,FALSE,,1688577383000
64a5a54b73193c702e607c1f,high system take point change small here old long state,,55,162.56,100,162.56,53.01,"55,0,0,0",words,10,-1,2,4.06,0,4.99,FALSE,FALSE,english,none,normal,FALSE,FALSE,FALSE,,1688577355000
64a5a53a73193c702e607b65,govern course state much this fact do also who open,,51,154.94,100,154.94,91.36,"51,0,0,0",words,10,-1,2,3.95,0,4.01,FALSE,FALSE,english,none,normal,FALSE,FALSE,FALSE,,1688577337000
64a5a52b73193c702e5d299d,mean form like increase about will some one want year,,53,131.94,90.57,166.49,86.91,"42,3,0,0",words,10,-1,0,3.82,0,0,FALSE,FALSE,english,none,normal,FALSE,FALSE,FALSE,,1688577323000
64a5a52273193c702e5d2954,ask than take between help look come how hold day,,49,128.46,93.88,153.52,85.49,"41,2,0,0",words,10,-1,7,3.83,0,10.29,FALSE,FALSE,english,none,normal,FALSE,FALSE,FALSE,,1688577314000
64a5a50b73193c702e59d6f4,another problem give real even since how without than again,,59,123.13,93.65,123.13,58.73,"59,0,0,0",words,10,-1,1,5.75,0,2.44,FALSE,FALSE,english,none,normal,FALSE,FALSE,FALSE,,1688577291000
64a5a4fb73193c702e59d66e,even in great world feel right who late that great,,50,163.04,100,163.04,92.68,"50,0,0,0",words,10,-1,2,3.68,0,4.26,FALSE,FALSE,english,none,normal,FALSE,FALSE,FALSE,,1688577275000
64a5a4ed73193c702e59d603,back turn first increase give time ask back like because,,56,177.78,100,177.78,92.69,"56,0,0,0",words,10,-1,2,3.78,0,1.48,FALSE,FALSE,english,none,normal,FALSE,FALSE,FALSE,,1688577261000
64a5a4e173193c702e59d58f,write line consider show again time set number again write,,58,163.5,98.25,175.84,92.62,"53,0,0,1",words,10,-1,2,3.89,0,4.59,FALSE,FALSE,english,none,normal,FALSE,FALSE,FALSE,,1688577248000
64a5a4d273193c702e59d515,up then first few interest need hand still show only,,52,164.64,100,164.64,88.82,"52,0,0,0",words,10,-1,1,3.79,0,0.71,FALSE,FALSE,english,none,normal,FALSE,FALSE,FALSE,,1688577234000
64a5a4c773193c702e59d4c0,way child number come open go possible like can and,,51,129.07,84.31,177.91,70.99,"37,6,0,0",words,10,-1,0,3.44,0,0,FALSE,FALSE,english,none,normal,FALSE,FALSE,FALSE,,1688577223000
64a5a4bf73193c702e59d483,show and off who since tell call think she lead,,47,153.27,93.62,175.7,66.84,"41,2,0,0",words,10,-1,0,3.21,0,0,FALSE,FALSE,english,none,normal,FALSE,FALSE,FALSE,,1688577215000
64a5a4b773193c702e59d43a,such would by find thing some order come head there,,51,136.02,94.12,154.16,92.54,"45,2,0,0",words,10,-1,2,3.97,0,4.01,FALSE,FALSE,english,none,normal,FALSE,FALSE,FALSE,,1688577207000
64a5a4a873193c702e59d3c2,no think how you she govern know these good only,,48,135.85,93.75,155.26,90.45,"42,2,0,0",words,10,-1,2,3.71,0,6.89,FALSE,FALSE,english,none,normal,FALSE,FALSE,FALSE,,1688577192000
64a5a48f73193c702e59d2ec,eye also run most day place time late again develop,,51,157.73,100,157.73,81.04,"51,0,0,0",words,10,-1,2,3.88,0,3.72,FALSE,FALSE,english,none,normal,FALSE,FALSE,FALSE,,1688577167000
64a5a48073193c702e59d263,where well turn to very thing now many with new,,47,142.54,93.62,155.8,89.79,"43,2,0,0",words,10,-1,0,3.62,0,0,FALSE,FALSE,english,none,normal,FALSE,FALSE,FALSE,,1688577152000
64a5a47673193c702e59d202,old plan since course more like head think another how,,54,103.31,86.21,148.34,71.69,"39,2,2,0",words,10,-1,1,4.53,0,4.12,FALSE,FALSE,english,none,normal,FALSE,FALSE,FALSE,,1688577142000
64a5a46473193c702e59d174,school never who since general world leave present little he,,60,91.79,82.54,134.33,47.2,"41,4,1,1",words,10,-1,0,5.36,0,0,FALSE,FALSE,english,none,normal,FALSE,FALSE,FALSE,,1688577124000
64a5a45a73193c702e59d11d,word however thing both a in there it this than,,47,158.87,100,158.87,87.93,"47,0,0,0",words,10,-1,0,3.55,0,0,FALSE,FALSE,english,none,normal,FALSE,FALSE,FALSE,,1688577114000
64a5a45173193c702e59d0dc,head fact ask even great if move present much eye,,49,155.15,100,155.15,94.41,"49,0,0,0",words,10,-1,0,3.79,0,0,FALSE,FALSE,english,none,normal,FALSE,FALSE,FALSE,,1688577105000
64a5a44873193c702e59d097,good during all same or many life high take follow,,50,158.31,100,158.31,91.51,"50,0,0,0",words,10,-1,1,3.79,0,2.88,FALSE,FALSE,english,none,normal,FALSE,FALSE,FALSE,,1688577096000
64a5a43a73193c702e59d016,most group under open old use might turn may help,,49,168,100,168,92.07,"49,0,0,0",words,10,-1,0,3.5,0,0,FALSE,FALSE,english,none,normal,FALSE,FALSE,FALSE,,1688577082000
64a5a43273193c702e59cfca,right other during have you seem she with up use,,48,134.1,89.58,165.04,69.96,"39,2,1,1",words,10,-1,2,3.49,0,2.23,FALSE,FALSE,english,none,normal,FALSE,FALSE,FALSE,,1688577074000
64a5a42673193c702e59cf6a,point she for even program see long leave by increase,,53,152.52,100,152.52,63.43,"53,0,0,0",words,10,-1,3,4.17,0,5.59,FALSE,FALSE,english,none,normal,FALSE,FALSE,FALSE,,1688577062000
64a5a40f73193c702e59ce8d,where might than develop become help move those to possible,,59,125.58,87.69,139.53,44.97,"54,1,1,0",words,10,-1,1,5.16,0,1.36,FALSE,FALSE,english,none,normal,FALSE,FALSE,FALSE,,1688577039000
64a5a3d673193c702e59ccc4,those give way so too person go last end old,,44,157.14,100,157.14,65.99,"44,0,0,0",words,10,-1,0,3.36,0,0,FALSE,FALSE,english,none,normal,FALSE,FALSE,FALSE,,1688576982000
64a5a3cd73193c702e59cc7d,may so make than which only over get life child,,47,171.43,100,171.43,71.54,"47,0,0,0",words,10,-1,1,3.29,0,0.78,FALSE,FALSE,english,none,normal,FALSE,FALSE,FALSE,,1688576973000
64a5a3c273193c702e59cc29,long can be system since very of will write follow,,50,153.06,100,153.06,85.16,"50,0,0,0",words,10,-1,0,3.92,0,0,FALSE,FALSE,english,none,normal,FALSE,FALSE,FALSE,,1688576962000
64a5a3b973193c702e59cbd1,open give say about want interest leave last but see,,52,155.06,94.23,175.28,92.48,"46,2,0,0",words,10,-1,0,3.56,0,0,FALSE,FALSE,english,none,normal,FALSE,FALSE,FALSE,,1688576953000
64a5a3b073193c702e59cb8c,program hand such before must off small great right want,,56,141.18,94.64,164.71,54.39,"48,2,0,0",words,10,-1,3,4.08,0,1.04,FALSE,FALSE,english,none,normal,FALSE,FALSE,FALSE,,1688576944000
64a5a3a273193c702e59cb26,lead he find long never face off end system who,,47,167.86,100,167.86,70.29,"47,0,0,0",words,10,-1,0,3.36,0,0,FALSE,FALSE,english,none,normal,FALSE,FALSE,FALSE,,1688576930000
64a5a39a73193c702e59cae3,possible leave while during end develop need over real against,,62,131.25,90.32,166.07,76.85,"49,3,1,1",words,10,-1,1,4.48,0,0.09,FALSE,FALSE,english,none,normal,FALSE,FALSE,FALSE,,1688576922000
64a5a38e73193c702e59ca82,keep eye govern other group this would over have they,,53,156.65,100,156.65,58.86,"53,0,0,0",words,10,-1,0,4.06,0,0,FALSE,FALSE,english,none,normal,FALSE,FALSE,FALSE,,1688576910000
64a5a38473193c702e59ca25,between fact what have such be run show say same,,48,148.07,100,148.07,87.87,"48,0,0,0",words,10,-1,0,3.89,0,0,FALSE,FALSE,english,none,normal,FALSE,FALSE,FALSE,,1688576900000
64a5a35673193c702e59c8c5,leave many as set word form never back stand out,,48,157.38,100,157.38,90.44,"48,0,0,0",words,10,-1,0,3.66,0,0,FALSE,FALSE,english,none,normal,FALSE,FALSE,FALSE,,1688576853000
64a5a34a73193c702e59c863,even go after think each one while take there so,,48,172.46,100,172.46,63.21,"48,0,0,0",words,10,-1,0,3.34,0,0,FALSE,FALSE,english,none,normal,FALSE,FALSE,FALSE,,1688576842000
64a5a34173193c702e59c81f,to if out from face never day out all great,,43,160.25,100,160.25,63.17,"43,0,0,0",words,10,-1,1,3.22,0,3.23,FALSE,FALSE,english,none,normal,FALSE,FALSE,FALSE,,1688576833000
64a5a33273193c702e59c7b5,group possible new time could still have then way real,,54,154.65,100,154.65,61.88,"54,0,0,0",words,10,-1,0,4.19,0,0,FALSE,FALSE,english,none,normal,FALSE,FALSE,FALSE,,1688576818000
64a5a32573193c702e59c744,move out lead another develop he life say now hand,,50,137.7,92.16,167.21,89.44,"42,2,1,0",words,10,-1,1,3.66,0,2.49,FALSE,FALSE,english,none,normal,FALSE,FALSE,FALSE,,1688576805000
64a5a31873193c702e59c6db,house over public group as after think only good can,,52,122.03,86.27,145.28,64.18,"42,4,0,2",words,10,-1,1,4.13,0,1.15,FALSE,FALSE,english,none,normal,FALSE,FALSE,FALSE,,1688576792000